{"mean": [0.5422764420509338, 0.7071638703346252, 1.9655894334391633e-07, 0.6147706508636475, 0.6607851386070251, -0.050054047256708145, 0.6502709984779358, 0.5849605202674866, -0.07160701602697372, 0.6231186389923096, 0.5264813899993896, -0.08958108723163605, 0.5830890536308289, 0.4961775541305542, -0.10439390689134598, 0.5807706117630005, 0.4788476824760437, -0.03229306638240814, 0.5734071135520935, 0.40674978494644165, -0.07233903557062149, 0.5707930326461792, 0.39530646800994873, -0.09928391873836517, 0.5694037079811096, 0.3891271948814392, -0.11344198882579803, 0.524653434753418, 0.48093920946121216, -0.028593063354492188, 0.5145634412765503, 0.41259750723838806, -0.07664608955383301, 0.5244432687759399, 0.43418100476264954, -0.0993841215968132, 0.534366250038147, 0.4497511684894562, -0.10454016178846359, 0.4769437611103058, 0.49992746114730835, -0.03161302208900452, 0.4659016728401184, 0.447504460811615, -0.08740279078483582, 0.4915519952774048, 0.4954491853713989, -0.09436901658773422, 0.5113663673400879, 0.5308271646499634, -0.08349405974149704, 0.43422672152519226, 0.5309522151947021, -0.038033999502658844, 0.4256838262081146, 0.48536115884780884, -0.07872269302606583, 0.44228285551071167, 0.508529007434845, -0.07819389551877975, 0.45423078536987305, 0.5276779532432556, -0.06736570596694946], "std": [0.1783994734287262, 0.1723114550113678, 1.7321565337624634e-06, 0.16067704558372498, 0.16383309662342072, 0.04126730561256409, 0.15596693754196167, 0.15738384425640106, 0.05904090031981468, 0.17091597616672516, 0.16036002337932587, 0.06838620454072952, 0.19525444507598877, 0.1689750701189041, 0.07818565517663956, 0.15776418149471283, 0.1500447541475296, 0.06987140327692032, 0.17051821947097778, 0.1532403826713562, 0.08587438613176346, 0.1858886182308197, 0.16810902953147888, 0.09346039593219757, 0.20286519825458527, 0.1950806826353073, 0.09768351167440414, 0.15562158823013306, 0.1505448967218399, 0.055160682648420334, 0.16408103704452515, 0.15683874487876892, 0.07314971089363098, 0.17161259055137634, 0.18004490435123444, 0.07603470236063004, 0.18100512027740479, 0.21369358897209167, 0.07692696154117584, 0.15815186500549316, 0.15389937162399292, 0.045870568603277206, 0.16450530290603638, 0.16048119962215424, 0.06487471610307693, 0.16920530796051025, 0.17403441667556763, 0.06505095958709717, 0.17432081699371338, 0.19313055276870728, 0.06435279548168182, 0.16629110276699066, 0.16026954352855682, 0.04644620046019554, 0.17180611193180084, 0.1642061024904251, 0.059908535331487656, 0.18033406138420105, 0.1762991100549698, 0.059740617871284485, 0.18916158378124237, 0.19355125725269318, 0.059372372925281525]}